date,time,code,open,high,low,close,volume,amount,adjustflag
2022-04-01,20220401100000000,sh.600000,7.9500,8.0000,7.9400,7.9700,5736967,45699333.0000,3
2022-04-01,20220401103000000,sh.600000,7.9700,8.0500,7.9600,8.0000,7377693,59161211.0000,3
2022-04-01,20220401110000000,sh.600000,8.0000,8.0600,8.0000,8.0400,4041487,32485684.0000,3
2022-04-01,20220401113000000,sh.600000,8.0500,8.0500,8.0300,8.0400,1718700,13817739.0000,3
2022-04-01,20220401133000000,sh.600000,8.0300,8.0400,8.0100,8.0200,2338300,18774700.0000,3
2022-04-01,20220401140000000,sh.600000,8.0300,8.0500,8.0100,8.0400,2560500,20566872.0000,3
2022-04-01,20220401143000000,sh.600000,8.0400,8.0600,8.0300,8.0600,2444421,19665337.0000,3
2022-04-01,20220401150000000,sh.600000,8.0500,8.0700,8.0400,8.0700,5663277,45652899.0000,3
2022-04-06,20220406100000000,sh.600000,8.0000,8.1300,8.0000,8.1100,11857127,95829753.0000,3
2022-04-06,20220406103000000,sh.600000,8.1100,8.1300,8.0900,8.1000,4101917,33254692.0000,3
2022-04-06,20220406110000000,sh.600000,8.0900,8.1000,8.0800,8.0900,3169996,25642319.0000,3
2022-04-06,20220406113000000,sh.600000,8.0900,8.1800,8.0800,8.1600,6184357,50290059.0000,3
2022-04-06,20220406133000000,sh.600000,8.1600,8.1800,8.1500,8.1700,4114358,33607115.0000,3
2022-04-06,20220406140000000,sh.600000,8.1700,8.1800,8.1600,8.1600,3349954,27375104.0000,3
2022-04-06,20220406143000000,sh.600000,8.1600,8.1600,8.1200,8.1400,4528265,36876046.0000,3
2022-04-06,20220406150000000,sh.600000,8.1400,8.1700,8.1300,8.1700,5240143,42726736.0000,3
2022-04-07,20220407100000000,sh.600000,8.1600,8.1800,8.1300,8.1300,7097542,57874716.0000,3
2022-04-07,20220407103000000,sh.600000,8.1400,8.1500,8.1300,8.1400,3512602,28594395.0000,3
2022-04-07,20220407110000000,sh.600000,8.1400,8.1600,8.1000,8.1200,5406868,43947133.0000,3
2022-04-07,20220407113000000,sh.600000,8.1100,8.1300,8.0700,8.0900,4017079,32517425.0000,3
2022-04-07,20220407133000000,sh.600000,8.0900,8.0900,8.0600,8.0900,2982975,24085536.0000,3
2022-04-07,20220407140000000,sh.600000,8.0800,8.1000,8.0700,8.0900,2333626,18870653.0000,3
2022-04-07,20220407143000000,sh.600000,8.0900,8.1200,8.0800,8.1000,2185030,17709710.0000,3
2022-04-07,20220407150000000,sh.600000,8.1000,8.1100,8.0600,8.0700,4176421,33750300.0000,3
2022-04-08,20220408100000000,sh.600000,8.0700,8.1000,8.0700,8.0800,4635399,37459453.0000,3
2022-04-08,20220408103000000,sh.600000,8.0900,8.0900,8.0300,8.0600,6084892,49020461.0000,3
2022-04-08,20220408110000000,sh.600000,8.0600,8.0700,8.0200,8.0400,2201325,17715391.0000,3
2022-04-08,20220408113000000,sh.600000,8.0400,8.0700,8.0400,8.0500,1495500,12044764.0000,3
2022-04-08,20220408133000000,sh.600000,8.0600,8.1100,8.0500,8.1100,2919635,23599711.0000,3
2022-04-08,20220408140000000,sh.600000,8.1000,8.1200,8.0900,8.1100,2294500,18595338.0000,3
2022-04-08,20220408143000000,sh.600000,8.1100,8.1100,8.0900,8.1100,1800789,14586190.0000,3
2022-04-08,20220408150000000,sh.600000,8.1100,8.1100,8.0900,8.1100,2657133,21532477.0000,3
2022-04-11,20220411100000000,sh.600000,8.1100,8.1100,8.0300,8.0500,5479518,44120528.0000,3
2022-04-11,20220411103000000,sh.600000,8.0500,8.0700,8.0200,8.0200,3849842,30947324.0000,3
2022-04-11,20220411110000000,sh.600000,8.0200,8.0300,7.9700,8.0200,4774223,38228705.0000,3
2022-04-11,20220411113000000,sh.600000,8.0200,8.0800,8.0100,8.0700,3130200,25191982.0000,3
2022-04-11,20220411133000000,sh.600000,8.0600,8.0700,8.0200,8.0300,1315921,10583546.0000,3
2022-04-11,20220411140000000,sh.600000,8.0300,8.0400,8.0100,8.0300,1661753,13333446.0000,3
2022-04-11,20220411143000000,sh.600000,8.0300,8.0400,8.0000,8.0000,2463601,19751165.0000,3
2022-04-11,20220411150000000,sh.600000,8.0100,8.0400,8.0000,8.0100,7340621,58840752.0000,3
2022-04-12,20220412100000000,sh.600000,8.0200,8.0500,7.9800,7.9800,6924200,55467434.0000,3
2022-04-12,20220412103000000,sh.600000,7.9800,8.0100,7.9800,7.9900,2484323,19871512.0000,3
2022-04-12,20220412110000000,sh.600000,8.0000,8.0200,7.9900,8.0100,2376493,19039371.0000,3
2022-04-12,20220412113000000,sh.600000,8.0000,8.0200,8.0000,8.0100,1860090,14902165.0000,3
2022-04-12,20220412133000000,sh.600000,8.0000,8.1400,7.9800,8.1200,7536031,60767124.0000,3
2022-04-12,20220412140000000,sh.600000,8.1200,8.1500,8.1000,8.1100,4444421,36145374.0000,3
2022-04-12,20220412143000000,sh.600000,8.1100,8.1300,8.1000,8.1000,2311160,18744281.0000,3
2022-04-12,20220412150000000,sh.600000,8.1000,8.1100,8.0800,8.1100,3395221,27498057.0000,3
2022-04-13,20220413100000000,sh.600000,8.0900,8.1200,8.0500,8.0900,3256358,26330099.0000,3
2022-04-13,20220413103000000,sh.600000,8.0900,8.1300,8.0900,8.0900,2695630,21847726.0000,3
2022-04-13,20220413110000000,sh.600000,8.0900,8.0900,8.0700,8.0700,1633658,13196954.0000,3
2022-04-13,20220413113000000,sh.600000,8.0800,8.0900,8.0700,8.0900,1218400,9843226.0000,3
2022-04-13,20220413133000000,sh.600000,8.0900,8.1000,8.0800,8.0800,957100,7740584.0000,3
2022-04-13,20220413140000000,sh.600000,8.0800,8.1400,8.0800,8.1200,3040340,24677020.0000,3
2022-04-13,20220413143000000,sh.600000,8.1200,8.1300,8.0900,8.1100,1590000,12890095.0000,3
2022-04-13,20220413150000000,sh.600000,8.1100,8.1200,8.0900,8.1000,4109664,33323638.0000,3
2022-04-14,20220414100000000,sh.600000,8.1100,8.1400,8.1000,8.1100,3083606,25047720.0000,3
2022-04-14,20220414103000000,sh.600000,8.1100,8.1500,8.1000,8.1300,3206997,26090301.0000,3
2022-04-14,20220414110000000,sh.600000,8.1400,8.1400,8.1200,8.1200,1406183,11433710.0000,3
2022-04-14,20220414113000000,sh.600000,8.1300,8.1400,8.1200,8.1300,1178630,9582161.0000,3
2022-04-14,20220414133000000,sh.600000,8.1300,8.1400,8.1100,8.1300,1919561,15596077.0000,3
2022-04-14,20220414140000000,sh.600000,8.1200,8.1400,8.1100,8.1200,2374950,19295879.0000,3
2022-04-14,20220414143000000,sh.600000,8.1300,8.1400,8.1100,8.1300,3049045,24767095.0000,3
2022-04-14,20220414150000000,sh.600000,8.1300,8.1400,8.1100,8.1100,2754178,22354605.0000,3
2022-04-15,20220415100000000,sh.600000,8.1100,8.1500,8.0900,8.1300,4021276,32692501.0000,3
2022-04-15,20220415103000000,sh.600000,8.1400,8.1500,8.1300,8.1500,2174534,17702429.0000,3
2022-04-15,20220415110000000,sh.600000,8.1500,8.1700,8.1400,8.1600,2692820,21974532.0000,3
2022-04-15,20220415113000000,sh.600000,8.1700,8.1700,8.1400,8.1500,2190447,17867015.0000,3
2022-04-15,20220415133000000,sh.600000,8.1500,8.1800,8.1400,8.1700,2994400,24447919.0000,3
2022-04-15,20220415140000000,sh.600000,8.1700,8.1800,8.1600,8.1600,1715756,14013362.0000,3
2022-04-15,20220415143000000,sh.600000,8.1600,8.1800,8.1500,8.1600,2262400,18474066.0000,3
2022-04-15,20220415150000000,sh.600000,8.1500,8.1700,8.1500,8.1500,3760323,30677626.0000,3
2022-04-18,20220418100000000,sh.600000,8.1200,8.1400,8.0400,8.0500,6941000,56109630.0000,3
2022-04-18,20220418103000000,sh.600000,8.0500,8.0700,8.0100,8.0300,5224561,41954794.0000,3
2022-04-18,20220418110000000,sh.600000,8.0300,8.0500,8.0200,8.0300,1917104,15401272.0000,3
2022-04-18,20220418113000000,sh.600000,8.0400,8.0500,8.0400,8.0500,1475061,11861930.0000,3
2022-04-18,20220418133000000,sh.600000,8.0400,8.0500,8.0300,8.0400,1175839,9453771.0000,3
2022-04-18,20220418140000000,sh.600000,8.0400,8.0500,8.0300,8.0300,1225267,9844522.0000,3
2022-04-18,20220418143000000,sh.600000,8.0300,8.0500,8.0300,8.0400,1250530,10051201.0000,3
2022-04-18,20220418150000000,sh.600000,8.0300,8.0400,8.0300,8.0300,1813007,14561759.0000,3
2022-04-19,20220419100000000,sh.600000,8.0400,8.0700,8.0300,8.0400,4133400,33264846.0000,3
2022-04-19,20220419103000000,sh.600000,8.0400,8.0500,8.0300,8.0400,1993500,16022760.0000,3
2022-04-19,20220419110000000,sh.600000,8.0500,8.0700,8.0300,8.0600,1914798,15415595.0000,3
2022-04-19,20220419113000000,sh.600000,8.0600,8.0900,8.0500,8.0900,2053949,16573786.0000,3
2022-04-19,20220419133000000,sh.600000,8.0900,8.1000,8.0700,8.0800,2023875,16364985.0000,3
2022-04-19,20220419140000000,sh.600000,8.0800,8.1200,8.0700,8.1100,4725808,38220178.0000,3
2022-04-19,20220419143000000,sh.600000,8.1100,8.1300,8.0800,8.1000,3547299,28761602.0000,3
2022-04-19,20220419150000000,sh.600000,8.1000,8.1400,8.0800,8.1400,4171861,33862038.0000,3
2022-04-20,20220420100000000,sh.600000,8.1300,8.1500,8.0900,8.0900,4286030,34791050.0000,3
2022-04-20,20220420103000000,sh.600000,8.0900,8.1200,8.0900,8.1000,1661300,13461398.0000,3
2022-04-20,20220420110000000,sh.600000,8.1100,8.1200,8.0900,8.1100,1110400,8998973.0000,3
2022-04-20,20220420113000000,sh.600000,8.1100,8.1300,8.1000,8.1300,978819,7946489.0000,3
2022-04-20,20220420133000000,sh.600000,8.1300,8.1400,8.1200,8.1300,1263977,10277768.0000,3
2022-04-20,20220420140000000,sh.600000,8.1300,8.1400,8.1000,8.1000,2484069,20172126.0000,3
2022-04-20,20220420143000000,sh.600000,8.1000,8.1100,8.0800,8.0800,3706400,30002615.0000,3
2022-04-20,20220420150000000,sh.600000,8.0800,8.1100,8.0800,8.1100,3652940,29587865.0000,3
2022-04-21,20220421100000000,sh.600000,8.0800,8.1600,8.0700,8.1500,6102987,49666925.0000,3
2022-04-21,20220421103000000,sh.600000,8.1600,8.1600,8.1100,8.1300,4455084,36287022.0000,3
2022-04-21,20220421110000000,sh.600000,8.1300,8.1500,8.1300,8.1500,2321400,18900942.0000,3
2022-04-21,20220421113000000,sh.600000,8.1500,8.1500,8.0800,8.0800,2379000,19312785.0000,3
2022-04-21,20220421133000000,sh.600000,8.0800,8.1400,8.0700,8.1200,3539898,28696070.0000,3
2022-04-21,20220421140000000,sh.600000,8.1100,8.1200,8.0600,8.0700,1718000,13891332.0000,3
2022-04-21,20220421143000000,sh.600000,8.0800,8.0800,8.0100,8.0500,4345057,34931723.0000,3
2022-04-21,20220421150000000,sh.600000,8.0500,8.0700,7.9900,8.0700,4366609,35041347.0000,3
2022-04-22,20220422100000000,sh.600000,8.0100,8.1100,8.0100,8.0800,5905289,47592246.0000,3
2022-04-22,20220422103000000,sh.600000,8.0900,8.1200,8.0600,8.0600,5953162,48149933.0000,3
2022-04-22,20220422110000000,sh.600000,8.0700,8.0700,8.0300,8.0400,4406800,35467742.0000,3
2022-04-22,20220422113000000,sh.600000,8.0400,8.1000,8.0400,8.0900,2110996,17042881.0000,3
2022-04-22,20220422133000000,sh.600000,8.0900,8.1100,8.0500,8.0600,1816263,14692029.0000,3
2022-04-22,20220422140000000,sh.600000,8.0500,8.1000,8.0500,8.0900,1374619,11113171.0000,3
2022-04-22,20220422143000000,sh.600000,8.0900,8.1100,8.0900,8.0900,2231700,18072719.0000,3
2022-04-22,20220422150000000,sh.600000,8.0900,8.1100,8.0800,8.0900,3813188,30866907.0000,3
2022-04-25,20220425100000000,sh.600000,8.0200,8.1000,8.0000,8.0500,9223959,74334987.0000,3
2022-04-25,20220425103000000,sh.600000,8.0500,8.0800,7.9900,8.0100,6855900,55020295.0000,3
2022-04-25,20220425110000000,sh.600000,8.0100,8.0700,7.9900,8.0000,3461429,27769290.0000,3
2022-04-25,20220425113000000,sh.600000,8.0000,8.0600,8.0000,8.0300,3043205,24436517.0000,3
2022-04-25,20220425133000000,sh.600000,8.0100,8.0800,8.0000,8.0300,4150916,33388349.0000,3
2022-04-25,20220425140000000,sh.600000,8.0200,8.0500,7.9900,8.0000,9886167,79152402.0000,3
2022-04-25,20220425143000000,sh.600000,8.0000,8.0100,7.9000,7.9400,7706444,61319296.0000,3
2022-04-25,20220425150000000,sh.600000,7.9300,7.9400,7.8100,7.8200,8983530,70673008.0000,3
2022-04-26,20220426100000000,sh.600000,7.8400,7.9000,7.7900,7.8500,8681767,68220771.0000,3
2022-04-26,20220426103000000,sh.600000,7.8500,7.9000,7.8300,7.8900,4056892,31917635.0000,3
2022-04-26,20220426110000000,sh.600000,7.8900,7.9500,7.8700,7.9500,2915460,23066398.0000,3
2022-04-26,20220426113000000,sh.600000,7.9400,7.9900,7.9200,7.9800,3066596,24436047.0000,3
2022-04-26,20220426133000000,sh.600000,7.9800,7.9800,7.9300,7.9300,2380579,18952634.0000,3
2022-04-26,20220426140000000,sh.600000,7.9300,7.9600,7.9000,7.9100,3991565,31657562.0000,3
2022-04-26,20220426143000000,sh.600000,7.9200,7.9300,7.8600,7.9000,4850001,38298496.0000,3
2022-04-26,20220426150000000,sh.600000,7.9000,7.9400,7.8500,7.8700,8261399,65144153.0000,3
2022-04-27,20220427100000000,sh.600000,7.9100,7.9300,7.8700,7.9200,7173988,56689981.0000,3
2022-04-27,20220427103000000,sh.600000,7.9200,7.9500,7.9000,7.9200,4122418,32668010.0000,3
2022-04-27,20220427110000000,sh.600000,7.9300,7.9500,7.9000,7.9500,3330004,26391921.0000,3
2022-04-27,20220427113000000,sh.600000,7.9400,7.9400,7.8800,7.9000,2544749,20115190.0000,3
2022-04-27,20220427133000000,sh.600000,7.9100,7.9100,7.8500,7.8700,5121271,40337481.0000,3
2022-04-27,20220427140000000,sh.600000,7.8800,7.8900,7.8300,7.8500,5363140,42118165.0000,3
2022-04-27,20220427143000000,sh.600000,7.8400,7.8500,7.8100,7.8200,4670708,36546605.0000,3
2022-04-27,20220427150000000,sh.600000,7.8200,7.8500,7.8100,7.8300,6362336,49820375.0000,3
2022-04-28,20220428100000000,sh.600000,7.8600,7.9800,7.8600,7.9500,14193085,112616995.0000,3
2022-04-28,20220428103000000,sh.600000,7.9400,7.9700,7.9000,7.9100,5295175,42010161.0000,3
2022-04-28,20220428110000000,sh.600000,7.9100,7.9700,7.8900,7.9600,4804061,38135857.0000,3
2022-04-28,20220428113000000,sh.600000,7.9500,7.9800,7.9400,7.9400,3884782,30927934.0000,3
2022-04-28,20220428133000000,sh.600000,7.9400,7.9500,7.9100,7.9200,3185032,25240503.0000,3
2022-04-28,20220428140000000,sh.600000,7.9100,7.9600,7.9000,7.9300,2905873,23024502.0000,3
2022-04-28,20220428143000000,sh.600000,7.9400,7.9700,7.9300,7.9600,3431441,27295792.0000,3
2022-04-28,20220428150000000,sh.600000,7.9600,7.9900,7.9500,7.9900,7475720,59636416.0000,3
2022-04-29,20220429100000000,sh.600000,7.9800,8.0200,7.9000,7.9000,9960473,79173226.0000,3
2022-04-29,20220429103000000,sh.600000,7.9100,7.9200,7.8800,7.8900,7364250,58159092.0000,3
2022-04-29,20220429110000000,sh.600000,7.8900,7.9000,7.8600,7.8900,3317611,26149741.0000,3
2022-04-29,20220429113000000,sh.600000,7.8900,7.9200,7.8700,7.9000,1981970,15638020.0000,3
2022-04-29,20220429133000000,sh.600000,7.9000,8.0600,7.9000,8.0000,9409955,75303814.0000,3
2022-04-29,20220429140000000,sh.600000,8.0100,8.0100,7.9500,7.9900,2678026,21364859.0000,3
2022-04-29,20220429143000000,sh.600000,7.9900,8.0100,7.9700,7.9900,3105527,24833056.0000,3
2022-04-29,20220429150000000,sh.600000,8.0000,8.0300,7.9800,8.0300,6695034,53624288.0000,3
2022-05-05,20220505100000000,sh.600000,8.0300,8.0800,7.9800,8.0300,8567196,68830876.0000,3
2022-05-05,20220505103000000,sh.600000,8.0300,8.0300,7.9800,7.9800,4235200,33876455.0000,3
2022-05-05,20220505110000000,sh.600000,7.9800,8.0100,7.9800,7.9900,2759971,22050325.0000,3
2022-05-05,20220505113000000,sh.600000,7.9900,8.0000,7.9700,7.9900,3030140,24188952.0000,3
2022-05-05,20220505133000000,sh.600000,8.0000,8.0000,7.9600,7.9800,3031499,24182189.0000,3
2022-05-05,20220505140000000,sh.600000,7.9800,8.0100,7.9800,7.9900,1800335,14384004.0000,3
2022-05-05,20220505143000000,sh.600000,8.0000,8.0200,7.9800,8.0100,1680270,13441511.0000,3
2022-05-05,20220505150000000,sh.600000,8.0100,8.0200,7.9900,7.9900,4028529,32231865.0000,3
2022-05-06,20220506100000000,sh.600000,7.9400,7.9800,7.9000,7.9200,6132800,48631893.0000,3
2022-05-06,20220506103000000,sh.600000,7.9100,7.9200,7.8600,7.8800,5301513,41797260.0000,3
2022-05-06,20220506110000000,sh.600000,7.8700,7.8800,7.8600,7.8600,3374915,26556346.0000,3
2022-05-06,20220506113000000,sh.600000,7.8600,7.8700,7.8300,7.8400,3422436,26881320.0000,3
2022-05-06,20220506133000000,sh.600000,7.8400,7.8500,7.8200,7.8500,2544364,19937182.0000,3
2022-05-06,20220506140000000,sh.600000,7.8500,7.8700,7.8300,7.8400,2211100,17349808.0000,3
2022-05-06,20220506143000000,sh.600000,7.8400,7.8500,7.8200,7.8300,2969000,23268618.0000,3
2022-05-06,20220506150000000,sh.600000,7.8300,7.8900,7.8200,7.8500,5839450,45923476.0000,3
2022-05-09,20220509100000000,sh.600000,7.8500,7.8600,7.8000,7.8400,3876705,30362133.0000,3
2022-05-09,20220509103000000,sh.600000,7.8400,7.8600,7.8300,7.8300,2223849,17445593.0000,3
2022-05-09,20220509110000000,sh.600000,7.8300,7.8400,7.8200,7.8300,986490,7727613.0000,3
2022-05-09,20220509113000000,sh.600000,7.8300,7.8400,7.8200,7.8400,1568310,12285369.0000,3
2022-05-09,20220509133000000,sh.600000,7.8400,7.8400,7.8100,7.8100,1486800,11635426.0000,3
2022-05-09,20220509140000000,sh.600000,7.8100,7.8200,7.8000,7.8100,1964700,15338989.0000,3
2022-05-09,20220509143000000,sh.600000,7.8100,7.8200,7.8100,7.8100,925569,7230678.0000,3
2022-05-09,20220509150000000,sh.600000,7.8100,7.8300,7.8000,7.8200,3002997,23450660.0000,3
2022-05-10,20220510100000000,sh.600000,7.8000,7.8100,7.7100,7.7600,8515745,65993886.0000,3
2022-05-10,20220510103000000,sh.600000,7.7600,7.8400,7.7400,7.8400,4645624,36128206.0000,3
2022-05-10,20220510110000000,sh.600000,7.8400,7.8500,7.7900,7.7900,2801400,21920355.0000,3
2022-05-10,20220510113000000,sh.600000,7.7900,7.8300,7.7800,7.7900,1815136,14173825.0000,3
2022-05-10,20220510133000000,sh.600000,7.7900,7.8600,7.7900,7.8600,3390623,26560682.0000,3
2022-05-10,20220510140000000,sh.600000,7.8600,7.8900,7.8300,7.8400,3279755,25791551.0000,3
2022-05-10,20220510143000000,sh.600000,7.8400,7.8400,7.8000,7.8200,3449800,26958140.0000,3
2022-05-10,20220510150000000,sh.600000,7.8100,7.8500,7.8000,7.8500,5092935,39839777.0000,3
2022-05-11,20220511100000000,sh.600000,7.8400,7.8500,7.8100,7.8300,4665590,36539450.0000,3
2022-05-11,20220511103000000,sh.600000,7.8300,7.8800,7.8200,7.8600,3560386,27969906.0000,3
2022-05-11,20220511110000000,sh.600000,7.8600,7.8800,7.8400,7.8800,2779581,21856845.0000,3
2022-05-11,20220511113000000,sh.600000,7.8800,7.8800,7.8600,7.8700,1866388,14694879.0000,3
2022-05-11,20220511133000000,sh.600000,7.8700,7.8900,7.8600,7.8900,3334930,26279243.0000,3
2022-05-11,20220511140000000,sh.600000,7.8900,7.9000,7.8600,7.8700,2606897,20541645.0000,3
2022-05-11,20220511143000000,sh.600000,7.8600,7.8800,7.8500,7.8700,1996500,15699334.0000,3
2022-05-11,20220511150000000,sh.600000,7.8700,7.8700,7.8300,7.8600,4306543,33825967.0000,3
2022-05-12,20220512100000000,sh.600000,7.8300,7.8900,7.8300,7.8600,3414993,26875160.0000,3
2022-05-12,20220512103000000,sh.600000,7.8600,7.8800,7.8500,7.8700,1577200,12412515.0000,3
2022-05-12,20220512110000000,sh.600000,7.8700,7.8800,7.8500,7.8600,2171700,17084635.0000,3
2022-05-12,20220512113000000,sh.600000,7.8600,7.9000,7.8600,7.9000,3453522,27188449.0000,3
2022-05-12,20220512133000000,sh.600000,7.9000,7.9100,7.8700,7.8800,4387700,34605509.0000,3
2022-05-12,20220512140000000,sh.600000,7.8800,7.8900,7.8700,7.8800,2286936,18026547.0000,3
2022-05-12,20220512143000000,sh.600000,7.8900,7.8900,7.8700,7.8800,1844586,14544015.0000,3
2022-05-12,20220512150000000,sh.600000,7.8900,7.9000,7.8700,7.8700,3215592,25354338.0000,3
2022-05-13,20220513100000000,sh.600000,7.9100,8.0300,7.9000,8.0100,12833540,102316940.0000,3
2022-05-13,20220513103000000,sh.600000,8.0100,8.0500,8.0000,8.0200,6743709,54107234.0000,3
2022-05-13,20220513110000000,sh.600000,8.0200,8.0400,7.9900,8.0000,2527150,20241920.0000,3
2022-05-13,20220513113000000,sh.600000,8.0000,8.0200,7.9800,8.0100,1317497,10542029.0000,3
2022-05-13,20220513133000000,sh.600000,8.0000,8.0200,7.9900,7.9900,2543789,20364949.0000,3
2022-05-13,20220513140000000,sh.600000,7.9900,8.0300,7.9900,8.0300,2329341,18665512.0000,3
2022-05-13,20220513143000000,sh.600000,8.0300,8.0400,8.0200,8.0300,3957793,31790645.0000,3
2022-05-13,20220513150000000,sh.600000,8.0300,8.0500,8.0300,8.0500,5090539,40912307.0000,3
2022-05-16,20220516100000000,sh.600000,8.0500,8.0700,7.9600,7.9600,6065500,48461993.0000,3
2022-05-16,20220516103000000,sh.600000,7.9600,7.9800,7.9500,7.9600,3113087,24788935.0000,3
2022-05-16,20220516110000000,sh.600000,7.9600,7.9700,7.9500,7.9700,1637109,13031486.0000,3
2022-05-16,20220516113000000,sh.600000,7.9600,7.9700,7.9400,7.9400,2247261,17865474.0000,3
2022-05-16,20220516133000000,sh.600000,7.9500,7.9900,7.9300,7.9800,1825575,14516328.0000,3
2022-05-16,20220516140000000,sh.600000,7.9800,8.0000,7.9700,7.9900,1198294,9569634.0000,3
2022-05-16,20220516143000000,sh.600000,7.9900,7.9900,7.9600,7.9800,1397000,11143137.0000,3
2022-05-16,20220516150000000,sh.600000,7.9800,7.9900,7.9500,7.9700,3507000,27949405.0000,3
2022-05-17,20220517100000000,sh.600000,8.0100,8.0100,7.9500,7.9700,4167927,33250108.0000,3
2022-05-17,20220517103000000,sh.600000,7.9700,7.9900,7.9600,7.9800,1953152,15573779.0000,3
2022-05-17,20220517110000000,sh.600000,7.9800,8.0400,7.9700,8.0300,3986160,31943450.0000,3
2022-05-17,20220517113000000,sh.600000,8.0300,8.0400,8.0000,8.0100,2355369,18908917.0000,3
2022-05-17,20220517133000000,sh.600000,8.0100,8.0200,8.0000,8.0000,1541143,12344281.0000,3
2022-05-17,20220517140000000,sh.600000,8.0000,8.0200,8.0000,8.0100,1047363,8389007.0000,3
2022-05-17,20220517143000000,sh.600000,8.0000,8.0100,7.9900,8.0000,1161994,9299314.0000,3
2022-05-17,20220517150000000,sh.600000,8.0000,8.0200,7.9900,8.0200,2501083,20024687.0000,3
2022-05-18,20220518100000000,sh.600000,7.9800,8.0100,7.9400,7.9500,5218529,41539050.0000,3
2022-05-18,20220518103000000,sh.600000,7.9400,7.9600,7.9300,7.9300,2997670,23801598.0000,3
2022-05-18,20220518110000000,sh.600000,7.9300,7.9500,7.9200,7.9400,2321328,18403851.0000,3
2022-05-18,20220518113000000,sh.600000,7.9300,7.9500,7.9200,7.9300,1231500,9769024.0000,3
2022-05-18,20220518133000000,sh.600000,7.9300,7.9800,7.9300,7.9500,2022928,16092258.0000,3
2022-05-18,20220518140000000,sh.600000,7.9400,7.9700,7.9400,7.9700,1347500,10722883.0000,3
2022-05-18,20220518143000000,sh.600000,7.9700,7.9900,7.9500,7.9600,2320629,18505102.0000,3
2022-05-18,20220518150000000,sh.600000,7.9600,7.9700,7.9400,7.9500,2003829,15948214.0000,3
2022-05-19,20220519100000000,sh.600000,7.9200,7.9800,7.8900,7.9300,4892077,38786682.0000,3
2022-05-19,20220519103000000,sh.600000,7.9300,7.9500,7.9100,7.9200,1576747,12497196.0000,3
2022-05-19,20220519110000000,sh.600000,7.9100,7.9600,7.9100,7.9400,1516334,12047572.0000,3
2022-05-19,20220519113000000,sh.600000,7.9400,7.9600,7.9200,7.9400,1373952,10912159.0000,3
2022-05-19,20220519133000000,sh.600000,7.9500,7.9600,7.9100,7.9200,2608289,20680027.0000,3
2022-05-19,20220519140000000,sh.600000,7.9200,7.9200,7.9000,7.9200,1988270,15718487.0000,3
2022-05-19,20220519143000000,sh.600000,7.9200,7.9200,7.8900,7.9100,2047573,16195014.0000,3
2022-05-19,20220519150000000,sh.600000,7.9100,7.9300,7.9000,7.9100,3900949,30868772.0000,3
2022-05-20,20220520100000000,sh.600000,7.9400,8.0500,7.9200,8.0400,12215764,97835591.0000,3
2022-05-20,20220520103000000,sh.600000,8.0400,8.0500,8.0200,8.0300,4513429,36278871.0000,3
2022-05-20,20220520110000000,sh.600000,8.0300,8.0300,8.0000,8.0100,2690186,21554376.0000,3
2022-05-20,20220520113000000,sh.600000,8.0000,8.0200,7.9800,8.0000,1823325,14578941.0000,3
2022-05-20,20220520133000000,sh.600000,8.0100,8.0300,7.9800,8.0200,2938113,23542178.0000,3
2022-05-20,20220520140000000,sh.600000,8.0200,8.0300,8.0000,8.0100,2088832,16736379.0000,3
2022-05-20,20220520143000000,sh.600000,8.0100,8.0200,7.9900,8.0100,2246369,17997442.0000,3
2022-05-20,20220520150000000,sh.600000,8.0000,8.0400,8.0000,8.0400,4183554,33571376.0000,3
2022-05-23,20220523100000000,sh.600000,8.0600,8.0600,7.9900,8.0300,4528823,36360901.0000,3
2022-05-23,20220523103000000,sh.600000,8.0300,8.0500,7.9700,7.9800,4518066,36172462.0000,3
2022-05-23,20220523110000000,sh.600000,7.9900,7.9900,7.9700,7.9700,1602130,12776094.0000,3
2022-05-23,20220523113000000,sh.600000,7.9800,7.9800,7.9600,7.9700,2558600,20383536.0000,3
2022-05-23,20220523133000000,sh.600000,7.9700,7.9700,7.9500,7.9600,1948116,15505994.0000,3
2022-05-23,20220523140000000,sh.600000,7.9600,7.9900,7.9600,7.9800,1888150,15053557.0000,3
2022-05-23,20220523143000000,sh.600000,7.9800,7.9800,7.9500,7.9600,3241634,25801490.0000,3
2022-05-23,20220523150000000,sh.600000,7.9600,7.9700,7.9500,7.9500,5242053,41716082.0000,3
2022-05-24,20220524100000000,sh.600000,7.9600,7.9700,7.9300,7.9400,4849408,38556639.0000,3
2022-05-24,20220524103000000,sh.600000,7.9400,7.9500,7.9200,7.9300,2498719,19821814.0000,3
2022-05-24,20220524110000000,sh.600000,7.9300,7.9400,7.9100,7.9200,2571194,20375706.0000,3
2022-05-24,20220524113000000,sh.600000,7.9200,7.9200,7.9000,7.9000,2049532,16216885.0000,3
2022-05-24,20220524133000000,sh.600000,7.9100,7.9100,7.8900,7.8900,3770790,29788608.0000,3
2022-05-24,20220524140000000,sh.600000,7.9000,7.9100,7.8800,7.9000,2377200,18770049.0000,3
2022-05-24,20220524143000000,sh.600000,7.9000,7.9100,7.8800,7.9000,2341100,18481863.0000,3
2022-05-24,20220524150000000,sh.600000,7.9000,7.9000,7.8700,7.8800,5570571,43904604.0000,3
2022-05-25,20220525100000000,sh.600000,7.9200,7.9300,7.8500,7.8900,4843702,38268375.0000,3
2022-05-25,20220525103000000,sh.600000,7.8900,7.9100,7.8800,7.8800,1917630,15144498.0000,3
2022-05-25,20220525110000000,sh.600000,7.8800,7.9000,7.8800,7.8800,1775235,14010657.0000,3
2022-05-25,20220525113000000,sh.600000,7.8800,7.8900,7.8700,7.8800,1747302,13774053.0000,3
2022-05-25,20220525133000000,sh.600000,7.8800,7.9000,7.8700,7.8800,1945800,15333429.0000,3
2022-05-25,20220525140000000,sh.600000,7.8700,7.8800,7.8600,7.8700,2382768,18751724.0000,3
2022-05-25,20220525143000000,sh.600000,7.8700,7.8800,7.8600,7.8700,3111338,24490898.0000,3
2022-05-25,20220525150000000,sh.600000,7.8700,7.9000,7.8600,7.8800,3279589,25840323.0000,3
2022-05-26,20220526100000000,sh.600000,7.8900,7.8900,7.8500,7.8500,5159234,40576076.0000,3
2022-05-26,20220526103000000,sh.600000,7.8600,7.8700,7.8400,7.8600,2929900,23003268.0000,3
2022-05-26,20220526110000000,sh.600000,7.8600,7.8800,7.8500,7.8600,1905356,14985129.0000,3
2022-05-26,20220526113000000,sh.600000,7.8600,7.9200,7.8400,7.9200,2990953,23541075.0000,3
2022-05-26,20220526133000000,sh.600000,7.9200,7.9200,7.8800,7.9000,2224900,17586735.0000,3
2022-05-26,20220526140000000,sh.600000,7.9100,7.9200,7.8900,7.8900,1852459,14648465.0000,3
2022-05-26,20220526143000000,sh.600000,7.8900,7.9000,7.8600,7.9000,3599258,28355547.0000,3
2022-05-26,20220526150000000,sh.600000,7.8900,7.9100,7.8800,7.9000,2739529,21634958.0000,3
2022-05-27,20220527100000000,sh.600000,7.9200,7.9600,7.8800,7.9400,8174143,64854183.0000,3
2022-05-27,20220527103000000,sh.600000,7.9300,7.9800,7.9300,7.9700,5444649,43356733.0000,3
2022-05-27,20220527110000000,sh.600000,7.9700,7.9800,7.9500,7.9600,1395161,11110540.0000,3
2022-05-27,20220527113000000,sh.600000,7.9600,7.9700,7.9500,7.9700,1611014,12826722.0000,3
2022-05-27,20220527133000000,sh.600000,7.9700,7.9800,7.9400,7.9500,2340400,18637913.0000,3
2022-05-27,20220527140000000,sh.600000,7.9500,7.9700,7.9400,7.9600,1656000,13171438.0000,3
2022-05-27,20220527143000000,sh.600000,7.9600,7.9800,7.9600,7.9700,4062459,32374096.0000,3
2022-05-27,20220527150000000,sh.600000,7.9700,8.0100,7.9500,8.0000,7071512,56470952.0000,3
2022-05-30,20220530100000000,sh.600000,8.0100,8.0200,7.9000,7.9300,9819990,78073551.0000,3
2022-05-30,20220530103000000,sh.600000,7.9300,7.9700,7.9300,7.9500,1828279,14535616.0000,3
2022-05-30,20220530110000000,sh.600000,7.9600,7.9600,7.9100,7.9100,2559957,20290204.0000,3
2022-05-30,20220530113000000,sh.600000,7.9200,7.9300,7.8700,7.8800,6365492,50293849.0000,3
2022-05-30,20220530133000000,sh.600000,7.8800,7.9000,7.8800,7.8900,2536280,20013969.0000,3
2022-05-30,20220530140000000,sh.600000,7.8900,7.9000,7.8800,7.8900,2500694,19722469.0000,3
2022-05-30,20220530143000000,sh.600000,7.8800,7.9100,7.8800,7.9100,3793583,29953712.0000,3
2022-05-30,20220530150000000,sh.600000,7.9000,7.9100,7.8800,7.8800,6291982,49655334.0000,3
2022-05-31,20220531100000000,sh.600000,7.9000,7.9400,7.8800,7.9000,5662516,44772380.0000,3
2022-05-31,20220531103000000,sh.600000,7.9000,7.9300,7.8900,7.9000,2546726,20152788.0000,3
2022-05-31,20220531110000000,sh.600000,7.9000,7.9300,7.8900,7.9300,2093900,16554365.0000,3
2022-05-31,20220531113000000,sh.600000,7.9300,7.9500,7.9200,7.9500,2991713,23750356.0000,3
2022-05-31,20220531133000000,sh.600000,7.9400,7.9600,7.9300,7.9500,3421296,27183343.0000,3
2022-05-31,20220531140000000,sh.600000,7.9500,7.9500,7.9300,7.9400,1577680,12526128.0000,3
2022-05-31,20220531143000000,sh.600000,7.9500,7.9600,7.9300,7.9500,2598354,20642517.0000,3
2022-05-31,20220531150000000,sh.600000,7.9500,7.9800,7.9400,7.9400,10858699,86334174.0000,3
2022-06-01,20220601100000000,sh.600000,7.9400,7.9400,7.9100,7.9300,3535040,28031605.0000,3
2022-06-01,20220601103000000,sh.600000,7.9300,7.9300,7.9100,7.9200,2837608,22471708.0000,3
2022-06-01,20220601110000000,sh.600000,7.9200,7.9200,7.9000,7.9000,1765100,13959239.0000,3
2022-06-01,20220601113000000,sh.600000,7.9100,7.9300,7.8900,7.9200,2400360,18983112.0000,3
2022-06-01,20220601133000000,sh.600000,7.9200,7.9300,7.9000,7.9000,1365500,10806248.0000,3
2022-06-01,20220601140000000,sh.600000,7.9100,7.9100,7.9000,7.9100,1577668,12470230.0000,3
2022-06-01,20220601143000000,sh.600000,7.9100,7.9200,7.9000,7.9100,1812300,14331538.0000,3
2022-06-01,20220601150000000,sh.600000,7.9200,7.9200,7.9000,7.9100,3108365,24593958.0000,3
2022-06-02,20220602100000000,sh.600000,7.8900,7.9100,7.8700,7.8800,4317700,34025870.0000,3
2022-06-02,20220602103000000,sh.600000,7.8700,7.8900,7.8700,7.8800,2871351,22622528.0000,3
2022-06-02,20220602110000000,sh.600000,7.8800,7.8900,7.8700,7.8800,1793100,14129353.0000,3
2022-06-02,20220602113000000,sh.600000,7.8700,7.8800,7.8700,7.8800,1673763,13178636.0000,3
2022-06-02,20220602133000000,sh.600000,7.8800,7.8900,7.8700,7.8800,1676682,13212737.0000,3
2022-06-02,20220602140000000,sh.600000,7.8800,7.9000,7.8700,7.9000,1991647,15696999.0000,3
2022-06-02,20220602143000000,sh.600000,7.9000,7.9000,7.8800,7.9000,1350217,10648124.0000,3
2022-06-02,20220602150000000,sh.600000,7.8900,7.9000,7.8800,7.8900,3256656,25685466.0000,3
2022-06-06,20220606100000000,sh.600000,7.8700,7.8800,7.8200,7.8400,8819737,69179194.0000,3
2022-06-06,20220606103000000,sh.600000,7.8400,7.8700,7.8300,7.8500,3305932,25931189.0000,3
2022-06-06,20220606110000000,sh.600000,7.8500,7.9000,7.8500,7.8800,3269160,25757957.0000,3
2022-06-06,20220606113000000,sh.600000,7.8800,7.8900,7.8600,7.8600,2754960,21694499.0000,3
2022-06-06,20220606133000000,sh.600000,7.8700,7.8800,7.8600,7.8800,3940664,31000599.0000,3
2022-06-06,20220606140000000,sh.600000,7.8700,7.8800,7.8500,7.8600,3395100,26694128.0000,3
2022-06-06,20220606143000000,sh.600000,7.8500,7.8800,7.8500,7.8600,3876620,30469514.0000,3
2022-06-06,20220606150000000,sh.600000,7.8500,7.8800,7.8500,7.8600,3648354,28676087.0000,3
2022-06-07,20220607100000000,sh.600000,7.8400,7.8800,7.8300,7.8700,5720651,44937234.0000,3
2022-06-07,20220607103000000,sh.600000,7.8700,7.8800,7.8500,7.8700,3621544,28489671.0000,3
2022-06-07,20220607110000000,sh.600000,7.8800,7.8800,7.8600,7.8800,2491368,19617820.0000,3
2022-06-07,20220607113000000,sh.600000,7.8800,7.8900,7.8700,7.8800,4609502,36327419.0000,3
2022-06-07,20220607133000000,sh.600000,7.8800,7.8900,7.8600,7.8600,2776880,21863214.0000,3
2022-06-07,20220607140000000,sh.600000,7.8600,7.8800,7.8600,7.8700,3163290,24881441.0000,3
2022-06-07,20220607143000000,sh.600000,7.8600,7.8800,7.8600,7.8600,3376660,26569578.0000,3
2022-06-07,20220607150000000,sh.600000,7.8600,7.8800,7.8500,7.8800,4863181,38255387.0000,3
2022-06-08,20220608100000000,sh.600000,7.8700,7.8800,7.8500,7.8600,5027306,39511718.0000,3
2022-06-08,20220608103000000,sh.600000,7.8600,7.8700,7.8500,7.8700,4485062,35251007.0000,3
2022-06-08,20220608110000000,sh.600000,7.8700,7.8800,7.8600,7.8700,5044800,39700365.0000,3
2022-06-08,20220608113000000,sh.600000,7.8600,7.8700,7.8300,7.8400,6004508,47113477.0000,3
2022-06-08,20220608133000000,sh.600000,7.8400,7.8800,7.8300,7.8500,7955174,62482883.0000,3
2022-06-08,20220608140000000,sh.600000,7.8500,7.8600,7.8400,7.8400,3081700,24181212.0000,3
2022-06-08,20220608143000000,sh.600000,7.8500,7.8600,7.8400,7.8500,3074600,24132122.0000,3
2022-06-08,20220608150000000,sh.600000,7.8500,7.8800,7.8500,7.8600,4882516,38402400.0000,3
2022-06-09,20220609100000000,sh.600000,7.8600,7.9300,7.8400,7.9200,16268790,128502954.0000,3
2022-06-09,20220609103000000,sh.600000,7.9300,7.9400,7.8900,7.9200,6739549,53364536.0000,3
2022-06-09,20220609110000000,sh.600000,7.9200,7.9600,7.9000,7.9400,9265038,73499523.0000,3
2022-06-09,20220609113000000,sh.600000,7.9400,7.9600,7.9300,7.9400,4464462,35472843.0000,3
2022-06-09,20220609133000000,sh.600000,7.9400,7.9500,7.9200,7.9300,5037017,39981504.0000,3
2022-06-09,20220609140000000,sh.600000,7.9400,7.9500,7.9000,7.9200,4134333,32761888.0000,3
2022-06-09,20220609143000000,sh.600000,7.9100,7.9400,7.9000,7.9200,5180586,41013264.0000,3
2022-06-09,20220609150000000,sh.600000,7.9200,7.9600,7.9100,7.9500,9517181,75584000.0000,3
2022-06-10,20220610100000000,sh.600000,7.9300,7.9400,7.9000,7.9200,8633015,68380677.0000,3
2022-06-10,20220610103000000,sh.600000,7.9200,7.9300,7.8900,7.9200,7921080,62673467.0000,3
2022-06-10,20220610110000000,sh.600000,7.9200,7.9500,7.9000,7.9400,6256491,49588263.0000,3
2022-06-10,20220610113000000,sh.600000,7.9400,7.9700,7.9300,7.9500,7946560,63181070.0000,3
2022-06-10,20220610133000000,sh.600000,7.9600,7.9800,7.9500,7.9700,9961626,79358027.0000,3
2022-06-10,20220610140000000,sh.600000,7.9700,8.0100,7.9600,8.0000,14934721,119379616.0000,3
2022-06-10,20220610143000000,sh.600000,8.0000,8.0500,8.0000,8.0200,22713476,182131488.0000,3
2022-06-10,20220610150000000,sh.600000,8.0100,8.0500,7.9300,7.9300,45079229,359743568.0000,3
2022-06-13,20220613100000000,sh.600000,7.9100,7.9300,7.8400,7.8600,25913301,203987149.0000,3
2022-06-13,20220613103000000,sh.600000,7.8500,7.8600,7.7800,7.7900,21655624,169251491.0000,3
2022-06-13,20220613110000000,sh.600000,7.7900,7.8100,7.7700,7.7800,11748486,91472240.0000,3
2022-06-13,20220613113000000,sh.600000,7.7800,7.8000,7.7700,7.7900,7548384,58764624.0000,3
2022-06-13,20220613133000000,sh.600000,7.7900,7.8000,7.7700,7.7800,7846644,61040592.0000,3
2022-06-13,20220613140000000,sh.600000,7.7800,7.7900,7.7600,7.7600,9505255,73867360.0000,3
2022-06-13,20220613143000000,sh.600000,7.7700,7.7800,7.7400,7.7600,13008014,100849504.0000,3
2022-06-13,20220613150000000,sh.600000,7.7700,7.7800,7.7500,7.7700,7371527,57239152.0000,3
2022-06-14,20220614100000000,sh.600000,7.7400,7.7800,7.7300,7.7500,9414137,72986957.0000,3
2022-06-14,20220614103000000,sh.600000,7.7500,7.8000,7.7500,7.8000,6348189,49392207.0000,3
2022-06-14,20220614110000000,sh.600000,7.8000,7.8000,7.7600,7.7700,5100866,39692144.0000,3
2022-06-14,20220614113000000,sh.600000,7.7700,7.7900,7.7500,7.7700,5222513,40553101.0000,3
2022-06-14,20220614133000000,sh.600000,7.7700,7.7800,7.7500,7.7700,4177289,32410768.0000,3
2022-06-14,20220614140000000,sh.600000,7.7700,7.8000,7.7600,7.7900,4768014,37078327.0000,3
2022-06-14,20220614143000000,sh.600000,7.8000,7.8100,7.7800,7.8100,5098707,39751328.0000,3
2022-06-14,20220614150000000,sh.600000,7.8100,7.8900,7.8000,7.8700,14918080,117099600.0000,3
2022-06-15,20220615100000000,sh.600000,7.8600,8.0000,7.8500,7.9600,22036462,175058250.0000,3
2022-06-15,20220615103000000,sh.600000,7.9600,8.0500,7.9600,8.0400,24628703,197437782.0000,3
2022-06-15,20220615110000000,sh.600000,8.0400,8.0800,8.0200,8.0200,15466374,124577152.0000,3
2022-06-15,20220615113000000,sh.600000,8.0200,8.0600,8.0100,8.0500,6667953,53602944.0000,3
2022-06-15,20220615133000000,sh.600000,8.0500,8.1300,8.0500,8.1100,18405006,149040576.0000,3
2022-06-15,20220615140000000,sh.600000,8.1100,8.1300,8.1000,8.1200,9946295,80724000.0000,3
2022-06-15,20220615143000000,sh.600000,8.1200,8.1300,8.0600,8.0800,7422280,60064720.0000,3
2022-06-15,20220615150000000,sh.600000,8.0800,8.0900,8.0300,8.0300,8185985,65990496.0000,3
2022-06-16,20220616100000000,sh.600000,8.0500,8.0800,7.9900,8.0200,13722958,110123225.0000,3
2022-06-16,20220616103000000,sh.600000,8.0200,8.0200,7.9800,7.9900,6582400,52620438.0000,3
2022-06-16,20220616110000000,sh.600000,8.0000,8.0200,7.9800,7.9900,6205859,49610328.0000,3
2022-06-16,20220616113000000,sh.600000,7.9900,8.0000,7.9600,7.9700,4821219,38461911.0000,3
2022-06-16,20220616133000000,sh.600000,7.9700,7.9900,7.9600,7.9700,4233540,33725698.0000,3
2022-06-16,20220616140000000,sh.600000,7.9600,7.9700,7.9500,7.9500,4936601,39298512.0000,3
2022-06-16,20220616143000000,sh.600000,7.9500,7.9600,7.9300,7.9600,6838301,54312768.0000,3
2022-06-16,20220616150000000,sh.600000,7.9600,7.9600,7.9200,7.9200,9548811,75744768.0000,3
2022-06-17,20220617100000000,sh.600000,7.9100,7.9500,7.9000,7.9400,6092238,48255577.0000,3
2022-06-17,20220617103000000,sh.600000,7.9400,7.9600,7.9000,7.9100,5283030,41862135.0000,3
2022-06-17,20220617110000000,sh.600000,7.9200,7.9400,7.8900,7.8900,2635300,20846645.0000,3
2022-06-17,20220617113000000,sh.600000,7.8900,7.9800,7.8900,7.9600,3982572,31629679.0000,3
2022-06-17,20220617133000000,sh.600000,7.9600,7.9700,7.9400,7.9700,3010556,23962522.0000,3
2022-06-17,20220617140000000,sh.600000,7.9600,8.0000,7.9600,7.9800,4483002,35801140.0000,3
2022-06-17,20220617143000000,sh.600000,7.9800,7.9900,7.9500,7.9800,3411516,27213764.0000,3
2022-06-17,20220617150000000,sh.600000,7.9800,8.0000,7.9700,7.9700,6714280,53601978.0000,3
2022-06-20,20220620100000000,sh.600000,7.9500,7.9800,7.9100,7.9200,7446900,59080173.0000,3
2022-06-20,20220620103000000,sh.600000,7.9300,7.9400,7.9100,7.9100,4771451,37812562.0000,3
2022-06-20,20220620110000000,sh.600000,7.9100,7.9300,7.9100,7.9300,1813900,14365870.0000,3
2022-06-20,20220620113000000,sh.600000,7.9300,7.9700,7.9200,7.9300,2640518,20966198.0000,3
2022-06-20,20220620133000000,sh.600000,7.9300,7.9600,7.9200,7.9200,3061738,24282788.0000,3
2022-06-20,20220620140000000,sh.600000,7.9200,7.9500,7.9200,7.9300,2228575,17667219.0000,3
2022-06-20,20220620143000000,sh.600000,7.9300,7.9300,7.9100,7.9300,2937243,23263003.0000,3
2022-06-20,20220620150000000,sh.600000,7.9300,7.9300,7.9100,7.9100,5164829,40882455.0000,3
2022-06-21,20220621100000000,sh.600000,7.9200,7.9800,7.9200,7.9600,4738121,37667926.0000,3
2022-06-21,20220621103000000,sh.600000,7.9600,7.9800,7.9500,7.9600,3466700,27629740.0000,3
2022-06-21,20220621110000000,sh.600000,7.9700,7.9800,7.9500,7.9600,2942087,23433045.0000,3
2022-06-21,20220621113000000,sh.600000,7.9600,7.9700,7.9500,7.9600,1037190,8256894.0000,3
2022-06-21,20220621133000000,sh.600000,7.9600,7.9800,7.9500,7.9700,2588837,20618344.0000,3
2022-06-21,20220621140000000,sh.600000,7.9700,7.9800,7.9500,7.9700,2732796,21773770.0000,3
2022-06-21,20220621143000000,sh.600000,7.9700,7.9700,7.9400,7.9500,2282075,18151428.0000,3
2022-06-21,20220621150000000,sh.600000,7.9500,7.9700,7.9400,7.9700,3457871,27540756.0000,3
2022-06-22,20220622100000000,sh.600000,7.9600,7.9700,7.9400,7.9500,2725786,21666842.0000,3
2022-06-22,20220622103000000,sh.600000,7.9500,7.9600,7.9300,7.9400,2205214,17515840.0000,3
2022-06-22,20220622110000000,sh.600000,7.9300,7.9500,7.9200,7.9300,2400632,19042893.0000,3
2022-06-22,20220622113000000,sh.600000,7.9300,7.9500,7.9200,7.9400,2160573,17129555.0000,3
2022-06-22,20220622133000000,sh.600000,7.9400,7.9600,7.9300,7.9500,1695900,13475262.0000,3
2022-06-22,20220622140000000,sh.600000,7.9500,7.9600,7.9200,7.9200,2633051,20881504.0000,3
2022-06-22,20220622143000000,sh.600000,7.9300,7.9300,7.9100,7.9100,2812576,22272624.0000,3
2022-06-22,20220622150000000,sh.600000,7.9200,7.9300,7.9100,7.9200,4001850,31701081.0000,3
2022-06-23,20220623100000000,sh.600000,7.9400,7.9500,7.9100,7.9300,3678668,29166413.0000,3
2022-06-23,20220623103000000,sh.600000,7.9300,7.9600,7.9300,7.9500,2862104,22745924.0000,3
2022-06-23,20220623110000000,sh.600000,7.9500,7.9600,7.9300,7.9400,1479359,11751570.0000,3
2022-06-23,20220623113000000,sh.600000,7.9400,7.9500,7.9200,7.9200,1037200,8226723.0000,3
2022-06-23,20220623133000000,sh.600000,7.9200,7.9400,7.9200,7.9300,1394701,11057200.0000,3
2022-06-23,20220623140000000,sh.600000,7.9300,7.9700,7.9300,7.9600,3449856,27445854.0000,3
2022-06-23,20220623143000000,sh.600000,7.9600,7.9700,7.9500,7.9600,4445755,35390886.0000,3
2022-06-23,20220623150000000,sh.600000,7.9600,7.9700,7.9500,7.9700,4907501,39080305.0000,3
2022-06-24,20220624100000000,sh.600000,7.9700,7.9800,7.9300,7.9400,3559314,28302269.0000,3
2022-06-24,20220624103000000,sh.600000,7.9400,7.9800,7.9400,7.9500,5178500,41243497.0000,3
2022-06-24,20220624110000000,sh.600000,7.9500,7.9700,7.9300,7.9300,2066100,16423519.0000,3
2022-06-24,20220624113000000,sh.600000,7.9400,7.9500,7.9300,7.9300,1423600,11295441.0000,3
2022-06-24,20220624133000000,sh.600000,7.9300,7.9500,7.9300,7.9300,1736200,13787897.0000,3
2022-06-24,20220624140000000,sh.600000,7.9400,7.9800,7.9300,7.9700,3612408,28738218.0000,3
2022-06-24,20220624143000000,sh.600000,7.9700,7.9800,7.9600,7.9800,2200431,17541362.0000,3
2022-06-24,20220624150000000,sh.600000,7.9700,7.9800,7.9500,7.9500,3888769,30961910.0000,3
2022-06-27,20220627100000000,sh.600000,7.9500,8.0000,7.9400,7.9900,6251260,49892908.0000,3
2022-06-27,20220627103000000,sh.600000,8.0000,8.0000,7.9700,7.9800,2715780,21694028.0000,3
2022-06-27,20220627110000000,sh.600000,7.9800,8.0000,7.9800,8.0000,3151200,25191325.0000,3
2022-06-27,20220627113000000,sh.600000,8.0000,8.0100,7.9900,7.9900,2308925,18469422.0000,3
2022-06-27,20220627133000000,sh.600000,7.9900,8.0000,7.9700,7.9700,2303075,18389140.0000,3
2022-06-27,20220627140000000,sh.600000,7.9800,7.9800,7.9600,7.9700,2260300,18021738.0000,3
2022-06-27,20220627143000000,sh.600000,7.9700,7.9800,7.9600,7.9700,2021543,16107495.0000,3
2022-06-27,20220627150000000,sh.600000,7.9800,7.9800,7.9600,7.9700,3055636,24364950.0000,3
2022-06-28,20220628100000000,sh.600000,7.9700,8.0000,7.9600,7.9900,3617300,28881207.0000,3
2022-06-28,20220628103000000,sh.600000,7.9900,7.9900,7.9800,7.9800,1920358,15332464.0000,3
2022-06-28,20220628110000000,sh.600000,7.9800,8.0000,7.9800,7.9800,1781001,14226258.0000,3
2022-06-28,20220628113000000,sh.600000,7.9800,7.9900,7.9800,7.9800,1530900,12225937.0000,3
2022-06-28,20220628133000000,sh.600000,7.9900,7.9900,7.9800,7.9900,1148786,9170737.0000,3
2022-06-28,20220628140000000,sh.600000,7.9900,8.0000,7.9800,7.9900,2051955,16389232.0000,3
2022-06-28,20220628143000000,sh.600000,7.9800,8.0300,7.9800,8.0200,6612007,52916312.0000,3
2022-06-28,20220628150000000,sh.600000,8.0200,8.0400,8.0100,8.0400,7066771,56729515.0000,3
2022-06-29,20220629100000000,sh.600000,8.0100,8.0500,8.0000,8.0200,5161805,41442985.0000,3
2022-06-29,20220629103000000,sh.600000,8.0200,8.0600,8.0200,8.0300,3113117,25048071.0000,3
2022-06-29,20220629110000000,sh.600000,8.0300,8.0400,8.0100,8.0200,2566500,20597832.0000,3
2022-06-29,20220629113000000,sh.600000,8.0200,8.0400,8.0100,8.0200,1693807,13598768.0000,3
2022-06-29,20220629133000000,sh.600000,8.0300,8.0400,8.0200,8.0200,2427230,19490730.0000,3
2022-06-29,20220629140000000,sh.600000,8.0200,8.0400,8.0200,8.0200,2192148,17605709.0000,3
2022-06-29,20220629143000000,sh.600000,8.0200,8.0500,8.0200,8.0500,3725955,29952370.0000,3
2022-06-29,20220629150000000,sh.600000,8.0500,8.0500,8.0200,8.0500,9419185,75740830.0000,3
2022-06-30,20220630100000000,sh.600000,8.0500,8.0600,8.0100,8.0400,3997879,32118405.0000,3
2022-06-30,20220630103000000,sh.600000,8.0500,8.0500,8.0200,8.0400,3200007,25707240.0000,3
2022-06-30,20220630110000000,sh.600000,8.0400,8.0500,8.0300,8.0400,1747900,14047980.0000,3
2022-06-30,20220630113000000,sh.600000,8.0300,8.0500,8.0300,8.0300,2127883,17107990.0000,3
2022-06-30,20220630133000000,sh.600000,8.0400,8.0500,8.0200,8.0400,3427760,27544079.0000,3
2022-06-30,20220630140000000,sh.600000,8.0400,8.0500,8.0300,8.0300,2045828,16443667.0000,3
2022-06-30,20220630143000000,sh.600000,8.0300,8.0500,8.0200,8.0300,2378980,19109441.0000,3
2022-06-30,20220630150000000,sh.600000,8.0300,8.0300,8.0000,8.0100,4443380,35612278.0000,3
2022-07-01,20220701100000000,sh.600000,8.0100,8.0400,7.9800,7.9900,4511789,36120825.0000,3
2022-07-01,20220701103000000,sh.600000,7.9900,8.0000,7.9800,8.0000,1945453,15552094.0000,3
2022-07-01,20220701110000000,sh.600000,8.0000,8.0000,7.9800,7.9900,2272531,18164902.0000,3
2022-07-01,20220701113000000,sh.600000,7.9900,8.0000,7.9800,7.9800,1400413,11186827.0000,3
2022-07-01,20220701133000000,sh.600000,7.9900,8.0000,7.9800,8.0000,1633637,13045238.0000,3
2022-07-01,20220701140000000,sh.600000,7.9900,8.0000,7.9800,7.9900,1223696,9776845.0000,3
2022-07-01,20220701143000000,sh.600000,7.9900,8.0000,7.9800,8.0000,1531221,12231368.0000,3
2022-07-01,20220701150000000,sh.600000,8.0000,8.0000,7.9800,7.9900,3328047,26573556.0000,3
2022-07-04,20220704100000000,sh.600000,7.9900,8.0000,7.9400,7.9500,5665300,45123073.0000,3
2022-07-04,20220704103000000,sh.600000,7.9500,7.9700,7.9400,7.9600,2088443,16611579.0000,3
2022-07-04,20220704110000000,sh.600000,7.9600,7.9700,7.9500,7.9600,1306244,10397699.0000,3
2022-07-04,20220704113000000,sh.600000,7.9600,7.9700,7.9500,7.9600,1097600,8732219.0000,3
2022-07-04,20220704133000000,sh.600000,7.9700,7.9700,7.9500,7.9600,1250101,9951995.0000,3
2022-07-04,20220704140000000,sh.600000,7.9600,7.9700,7.9500,7.9600,1787903,14232652.0000,3
2022-07-04,20220704143000000,sh.600000,7.9600,7.9700,7.9500,7.9600,1828300,14544299.0000,3
2022-07-04,20220704150000000,sh.600000,7.9600,7.9700,7.9500,7.9600,3198118,25453573.0000,3
2022-07-05,20220705100000000,sh.600000,7.9600,8.0000,7.9500,7.9700,3989731,31869784.0000,3
2022-07-05,20220705103000000,sh.600000,7.9700,8.0000,7.9700,7.9900,2747981,21943662.0000,3
2022-07-05,20220705110000000,sh.600000,7.9800,8.0000,7.9600,7.9700,2352703,18779876.0000,3
2022-07-05,20220705113000000,sh.600000,7.9700,7.9700,7.9400,7.9500,2896917,23034595.0000,3
2022-07-05,20220705133000000,sh.600000,7.9600,7.9800,7.9500,7.9600,2186529,17403609.0000,3
2022-07-05,20220705140000000,sh.600000,7.9700,7.9700,7.9400,7.9400,2213400,17607115.0000,3
2022-07-05,20220705143000000,sh.600000,7.9400,7.9700,7.9400,7.9700,2170286,17255712.0000,3
2022-07-05,20220705150000000,sh.600000,7.9600,7.9800,7.9500,7.9800,2764696,22029910.0000,3
2022-07-06,20220706100000000,sh.600000,7.9700,7.9800,7.9200,7.9200,5680329,45113430.0000,3
2022-07-06,20220706103000000,sh.600000,7.9200,7.9300,7.9000,7.9100,5089413,40262487.0000,3
2022-07-06,20220706110000000,sh.600000,7.9100,7.9200,7.9000,7.9100,2912601,23020864.0000,3
2022-07-06,20220706113000000,sh.600000,7.9100,7.9200,7.9000,7.9000,2184773,17272400.0000,3
2022-07-06,20220706133000000,sh.600000,7.9000,7.9100,7.8900,7.9000,2046014,16165130.0000,3
2022-07-06,20220706140000000,sh.600000,7.9100,7.9100,7.8900,7.8900,1873386,14801078.0000,3
2022-07-06,20220706143000000,sh.600000,7.8900,7.9000,7.8700,7.8900,5360400,42259120.0000,3
2022-07-06,20220706150000000,sh.600000,7.8900,7.9000,7.8800,7.9000,3682742,29068623.0000,3
2022-07-07,20220707100000000,sh.600000,7.8800,7.9200,7.8800,7.9000,3662648,28916174.0000,3
2022-07-07,20220707103000000,sh.600000,7.8900,7.9200,7.8900,7.9000,1948450,15407422.0000,3
2022-07-07,20220707110000000,sh.600000,7.9100,7.9100,7.8900,7.9000,1116893,8825225.0000,3
2022-07-07,20220707113000000,sh.600000,7.9000,7.9100,7.8900,7.9000,918236,7254313.0000,3
2022-07-07,20220707133000000,sh.600000,7.9000,7.9100,7.9000,7.9000,1580772,12491247.0000,3
2022-07-07,20220707140000000,sh.600000,7.9100,7.9100,7.8800,7.8800,2341870,18472258.0000,3
2022-07-07,20220707143000000,sh.600000,7.8800,7.9000,7.8600,7.8800,3726768,29353389.0000,3
2022-07-07,20220707150000000,sh.600000,7.8800,7.8900,7.8700,7.8700,3340758,26314142.0000,3
2022-07-08,20220708100000000,sh.600000,7.9000,7.9000,7.8700,7.8800,2637500,20806057.0000,3
2022-07-08,20220708103000000,sh.600000,7.8800,7.9000,7.8700,7.9000,1519992,11985349.0000,3
2022-07-08,20220708110000000,sh.600000,7.9000,7.9000,7.8800,7.8800,1611500,12721290.0000,3
2022-07-08,20220708113000000,sh.600000,7.8800,7.9000,7.8800,7.8900,1097243,8658380.0000,3
2022-07-08,20220708133000000,sh.600000,7.8900,7.9000,7.8900,7.8900,1247000,9843632.0000,3
2022-07-08,20220708140000000,sh.600000,7.9000,7.9000,7.8800,7.8900,1186729,9363078.0000,3
2022-07-08,20220708143000000,sh.600000,7.8800,7.9000,7.8800,7.8900,1235933,9749655.0000,3
2022-07-08,20220708150000000,sh.600000,7.8900,7.9000,7.8800,7.8800,1843293,14537616.0000,3
2022-07-11,20220711100000000,sh.600000,7.8700,7.9000,7.8600,7.8900,3329257,26249021.0000,3
2022-07-11,20220711103000000,sh.600000,7.8900,7.8900,7.8700,7.8700,1871930,14748421.0000,3
2022-07-11,20220711110000000,sh.600000,7.8700,7.8800,7.8600,7.8700,1592075,12532153.0000,3
2022-07-11,20220711113000000,sh.600000,7.8700,7.8800,7.8700,7.8800,1617811,12740935.0000,3
2022-07-11,20220711133000000,sh.600000,7.8800,7.8900,7.8700,7.8900,1469330,11582728.0000,3
2022-07-11,20220711140000000,sh.600000,7.8800,7.8900,7.8800,7.8800,974630,7684048.0000,3
2022-07-11,20220711143000000,sh.600000,7.8800,7.8900,7.8800,7.8900,1680568,13254737.0000,3
2022-07-11,20220711150000000,sh.600000,7.8900,7.8900,7.8700,7.8700,3659871,28844514.0000,3
2022-07-12,20220712100000000,sh.600000,7.8600,7.9400,7.8600,7.9300,6859669,54300650.0000,3
2022-07-12,20220712103000000,sh.600000,7.9400,7.9400,7.9100,7.9200,1729700,13705844.0000,3
2022-07-12,20220712110000000,sh.600000,7.9200,7.9300,7.9100,7.9300,1525997,12085937.0000,3
2022-07-12,20220712113000000,sh.600000,7.9200,7.9300,7.9100,7.9100,1152400,9124986.0000,3
2022-07-12,20220712133000000,sh.600000,7.9100,7.9200,7.9000,7.9200,2002633,15839430.0000,3
2022-07-12,20220712140000000,sh.600000,7.9200,7.9300,7.9100,7.9200,1625226,12869356.0000,3
2022-07-12,20220712143000000,sh.600000,7.9200,7.9200,7.9100,7.9200,1366100,10808177.0000,3
2022-07-12,20220712150000000,sh.600000,7.9200,7.9300,7.9000,7.9100,3628073,28699372.0000,3
2022-07-13,20220713100000000,sh.600000,7.9300,7.9400,7.9000,7.9000,5283402,41827504.0000,3
2022-07-13,20220713103000000,sh.600000,7.9100,7.9100,7.8700,7.8900,2992050,23616029.0000,3
2022-07-13,20220713110000000,sh.600000,7.8800,7.9000,7.8700,7.8900,3618538,28519431.0000,3
2022-07-13,20220713113000000,sh.600000,7.8800,7.9000,7.8800,7.8900,1645034,12972020.0000,3
2022-07-13,20220713133000000,sh.600000,7.9000,7.9000,7.8700,7.8700,3021674,23808760.0000,3
2022-07-13,20220713140000000,sh.600000,7.8700,7.8800,7.8600,7.8600,3805400,29943652.0000,3
2022-07-13,20220713143000000,sh.600000,7.8700,7.8700,7.8500,7.8700,5734090,45069470.0000,3
2022-07-13,20220713150000000,sh.600000,7.8700,7.8700,7.8500,7.8500,4406335,34617988.0000,3
2022-07-14,20220714100000000,sh.600000,7.8400,7.8600,7.7500,7.8000,16162260,125743003.0000,3
2022-07-14,20220714103000000,sh.600000,7.7800,7.8000,7.7700,7.7800,3621662,28183393.0000,3
2022-07-14,20220714110000000,sh.600000,7.7800,7.7900,7.7700,7.7800,2653700,20633203.0000,3
2022-07-14,20220714113000000,sh.600000,7.7800,7.7900,7.7700,7.7900,1673336,13028593.0000,3
2022-07-14,20220714133000000,sh.600000,7.7900,7.8000,7.7700,7.7800,3015064,23466107.0000,3
2022-07-14,20220714140000000,sh.600000,7.7800,7.7800,7.7600,7.7600,4302101,33419686.0000,3
2022-07-14,20220714143000000,sh.600000,7.7600,7.7800,7.7600,7.7700,3972230,30848863.0000,3
2022-07-14,20220714150000000,sh.600000,7.7700,7.7900,7.7500,7.7900,5165525,40118560.0000,3
2022-07-15,20220715100000000,sh.600000,7.7600,7.8000,7.7400,7.7800,9324985,72366596.0000,3
2022-07-15,20220715103000000,sh.600000,7.7800,7.7900,7.7800,7.7800,2230126,17363766.0000,3
2022-07-15,20220715110000000,sh.600000,7.7900,7.7900,7.7600,7.7700,3535374,27481758.0000,3
2022-07-15,20220715113000000,sh.600000,7.7700,7.7700,7.7400,7.7400,4328236,33546316.0000,3
2022-07-15,20220715133000000,sh.600000,7.7500,7.7600,7.7400,7.7600,3826291,29639372.0000,3
2022-07-15,20220715140000000,sh.600000,7.7500,7.7600,7.7300,7.7400,4350284,33666361.0000,3
2022-07-15,20220715143000000,sh.600000,7.7400,7.7400,7.7100,7.7300,6943980,53619018.0000,3
2022-07-15,20220715150000000,sh.600000,7.7200,7.7300,7.6500,7.6700,12588356,96774205.0000,3
2022-07-18,20220718100000000,sh.600000,7.6800,7.7500,7.6800,7.7500,4886878,37755556.0000,3
2022-07-18,20220718103000000,sh.600000,7.7400,7.7700,7.7400,7.7700,4285438,33254884.0000,3
2022-07-18,20220718110000000,sh.600000,7.7600,7.7800,7.7600,7.7700,2631164,20443972.0000,3
2022-07-18,20220718113000000,sh.600000,7.7700,7.7700,7.7500,7.7600,1602236,12442548.0000,3
2022-07-18,20220718133000000,sh.600000,7.7600,7.7800,7.7500,7.7700,2624500,20373058.0000,3
2022-07-18,20220718140000000,sh.600000,7.7700,7.7800,7.7600,7.7800,1898857,14757141.0000,3
2022-07-18,20220718143000000,sh.600000,7.7800,7.7800,7.7600,7.7700,2795953,21733467.0000,3
2022-07-18,20220718150000000,sh.600000,7.7700,7.7900,7.7700,7.7900,4439206,34526565.0000,3
2022-07-19,20220719100000000,sh.600000,7.7900,7.8100,7.7700,7.7800,6372400,49603025.0000,3
2022-07-19,20220719103000000,sh.600000,7.7800,7.8000,7.7700,7.7800,3780654,29425781.0000,3
2022-07-19,20220719110000000,sh.600000,7.7800,7.8000,7.7700,7.7700,2713700,21111048.0000,3
2022-07-19,20220719113000000,sh.600000,7.7700,7.7900,7.7700,7.7800,1801860,14015784.0000,3
2022-07-19,20220719133000000,sh.600000,7.7800,7.7900,7.7700,7.7700,2495000,19406652.0000,3
2022-07-19,20220719140000000,sh.600000,7.7700,7.7900,7.7700,7.7800,2864994,22290393.0000,3
2022-07-19,20220719143000000,sh.600000,7.7900,7.8200,7.7800,7.8100,3154221,24608839.0000,3
2022-07-19,20220719150000000,sh.600000,7.8200,7.8200,7.8000,7.8100,5689475,44430291.0000,3
2022-07-20,20220720100000000,sh.600000,7.8500,7.8500,7.7900,7.8000,7189877,56157589.0000,3
2022-07-20,20220720103000000,sh.600000,7.8000,7.8100,7.7900,7.8000,4850372,37829509.0000,3
2022-07-20,20220720110000000,sh.600000,7.8000,7.8100,7.7900,7.8000,2484465,19371285.0000,3
2022-07-20,20220720113000000,sh.600000,7.8000,7.8000,7.7800,7.7900,4603311,35859597.0000,3
2022-07-20,20220720133000000,sh.600000,7.7900,7.7900,7.7700,7.7800,5015700,39014361.0000,3
2022-07-20,20220720140000000,sh.600000,7.7800,7.7800,7.7700,7.7700,2473602,19229370.0000,3
2022-07-20,20220720143000000,sh.600000,7.7700,7.8000,7.7700,7.7900,5004301,38936988.0000,3
2022-07-20,20220720150000000,sh.600000,7.7900,7.8100,7.7800,7.7900,8091774,63066709.0000,3
2022-07-21,20220721100000000,sh.600000,7.4000,7.4100,7.3300,7.3500,16029597,118073043.0000,3
2022-07-21,20220721103000000,sh.600000,7.3400,7.3500,7.3300,7.3300,5966900,43779635.0000,3
2022-07-21,20220721110000000,sh.600000,7.3400,7.3500,7.3300,7.3500,2566812,18841221.0000,3
2022-07-21,20220721113000000,sh.600000,7.3500,7.3600,7.3400,7.3600,2168000,15938957.0000,3
2022-07-21,20220721133000000,sh.600000,7.3600,7.3600,7.3500,7.3500,1552027,11418331.0000,3
2022-07-21,20220721140000000,sh.600000,7.3600,7.3600,7.3400,7.3600,1801586,13246820.0000,3
2022-07-21,20220721143000000,sh.600000,7.3600,7.3700,7.3500,7.3500,2337414,17197600.0000,3
2022-07-21,20220721150000000,sh.600000,7.3600,7.3600,7.3300,7.3300,9119249,66912601.0000,3
2022-07-22,20220722100000000,sh.600000,7.3400,7.3800,7.3400,7.3700,4626493,34059507.0000,3
2022-07-22,20220722103000000,sh.600000,7.3800,7.3800,7.3700,7.3700,2284005,16844867.0000,3
2022-07-22,20220722110000000,sh.600000,7.3700,7.3800,7.3500,7.3600,1913208,14087126.0000,3
2022-07-22,20220722113000000,sh.600000,7.3600,7.3600,7.3400,7.3400,1582282,11629523.0000,3
2022-07-22,20220722133000000,sh.600000,7.3500,7.3600,7.3400,7.3500,1749400,12862687.0000,3
2022-07-22,20220722140000000,sh.600000,7.3600,7.3600,7.3400,7.3500,1486700,10921850.0000,3
2022-07-22,20220722143000000,sh.600000,7.3500,7.3600,7.3400,7.3500,1119500,8223105.0000,3
2022-07-22,20220722150000000,sh.600000,7.3400,7.3800,7.3400,7.3500,4899208,36085325.0000,3
2022-07-25,20220725100000000,sh.600000,7.3300,7.3800,7.3300,7.3700,3109716,22876926.0000,3
2022-07-25,20220725103000000,sh.600000,7.3700,7.3700,7.3400,7.3500,1773800,13042637.0000,3
2022-07-25,20220725110000000,sh.600000,7.3500,7.3600,7.3400,7.3600,755876,5556046.0000,3
2022-07-25,20220725113000000,sh.600000,7.3500,7.3600,7.3400,7.3500,1154007,8483646.0000,3
2022-07-25,20220725133000000,sh.600000,7.3600,7.3700,7.3500,7.3600,3260900,23996890.0000,3
2022-07-25,20220725140000000,sh.600000,7.3600,7.3700,7.3500,7.3500,1434600,10556009.0000,3
2022-07-25,20220725143000000,sh.600000,7.3600,7.3700,7.3400,7.3600,3061282,22527308.0000,3
2022-07-25,20220725150000000,sh.600000,7.3600,7.3700,7.3400,7.3500,2543779,18705382.0000,3
2022-07-26,20220726100000000,sh.600000,7.3600,7.3800,7.3400,7.3500,2685948,19766203.0000,3
2022-07-26,20220726103000000,sh.600000,7.3500,7.3700,7.3500,7.3600,3377831,24854930.0000,3
2022-07-26,20220726110000000,sh.600000,7.3600,7.3700,7.3500,7.3700,2177800,16027851.0000,3
2022-07-26,20220726113000000,sh.600000,7.3600,7.3900,7.3600,7.3800,2268709,16737982.0000,3
2022-07-26,20220726133000000,sh.600000,7.3700,7.3900,7.3700,7.3800,1348878,9960042.0000,3
2022-07-26,20220726140000000,sh.600000,7.3900,7.3900,7.3700,7.3800,1601301,11810814.0000,3
2022-07-26,20220726143000000,sh.600000,7.3800,7.3800,7.3700,7.3700,2218743,16364580.0000,3
2022-07-26,20220726150000000,sh.600000,7.3700,7.3800,7.3700,7.3800,3051359,22508221.0000,3
2022-07-27,20220727100000000,sh.600000,7.3600,7.3700,7.3300,7.3300,4191868,30804791.0000,3
2022-07-27,20220727103000000,sh.600000,7.3300,7.3500,7.3300,7.3500,1668330,12242549.0000,3
2022-07-27,20220727110000000,sh.600000,7.3500,7.3500,7.3300,7.3500,1421441,10436921.0000,3
2022-07-27,20220727113000000,sh.600000,7.3500,7.3500,7.3300,7.3400,1228496,9016881.0000,3
2022-07-27,20220727133000000,sh.600000,7.3400,7.3500,7.3300,7.3400,1667536,12238871.0000,3
2022-07-27,20220727140000000,sh.600000,7.3400,7.3500,7.3400,7.3500,712801,5236329.0000,3
2022-07-27,20220727143000000,sh.600000,7.3500,7.3600,7.3400,7.3400,1940772,14256248.0000,3
2022-07-27,20220727150000000,sh.600000,7.3400,7.3500,7.3300,7.3400,4205173,30852739.0000,3
2022-07-28,20220728100000000,sh.600000,7.3500,7.3700,7.3200,7.3300,5790500,42530852.0000,3
2022-07-28,20220728103000000,sh.600000,7.3300,7.3600,7.3200,7.3500,4343500,31888989.0000,3
2022-07-28,20220728110000000,sh.600000,7.3600,7.3600,7.3500,7.3600,1740406,12803790.0000,3
2022-07-28,20220728113000000,sh.600000,7.3600,7.3600,7.3400,7.3400,1701399,12505178.0000,3
2022-07-28,20220728133000000,sh.600000,7.3500,7.3600,7.3400,7.3500,1194000,8771124.0000,3
2022-07-28,20220728140000000,sh.600000,7.3400,7.3500,7.3300,7.3500,1051751,7722327.0000,3
2022-07-28,20220728143000000,sh.600000,7.3500,7.3500,7.3300,7.3300,1292400,9484017.0000,3
2022-07-28,20220728150000000,sh.600000,7.3400,7.3400,7.3300,7.3300,4410416,32341146.0000,3
2022-07-29,20220729100000000,sh.600000,7.3500,7.3500,7.3300,7.3300,7127759,52323283.0000,3
2022-07-29,20220729103000000,sh.600000,7.3400,7.3500,7.3300,7.3300,2645579,19409230.0000,3
2022-07-29,20220729110000000,sh.600000,7.3300,7.3300,7.3000,7.3100,5969194,43678486.0000,3
2022-07-29,20220729113000000,sh.600000,7.3100,7.3100,7.2900,7.2900,3811401,27808170.0000,3
2022-07-29,20220729133000000,sh.600000,7.2900,7.3000,7.2700,7.2800,3742898,27260337.0000,3
2022-07-29,20220729140000000,sh.600000,7.2800,7.3000,7.2700,7.2900,3868100,28164498.0000,3
2022-07-29,20220729143000000,sh.600000,7.2900,7.2900,7.2500,7.2600,7347208,53356765.0000,3
2022-07-29,20220729150000000,sh.600000,7.2600,7.2600,7.2300,7.2600,9361177,67837775.0000,3
